File,Batch_Number,Question,Answer
concepts_agents.txt,1,How do I create an agent named AgentName using the correct syntax in CrewAI?,"tags, making sure it's clear and covers all necessary points without exceeding the guidelines.
</think>

It is strictly based on the document provided about creating agents in CrewAI via YAML configurations. Below is a structured response referencing the example YAML configuration:

<answer>
```yaml
{
  ""role"": ""AI Agent"",
  ""goal"": ""Perform tasks related to AI technology and applications""
}
```
This example represents an agent created for topics such as 'AI Agents', with role ""AI Agent"" and goal indicating its primary task. The structure is consistent across both the YAML files (agents.yaml) and code examples provided, which include specific variable placeholders like {role} and {goal} for dynamic configuration based on input."
concepts_agents.txt,1,What causes an error when trying to implement a function in ModuleName?,"tags as per the user's instructions.
</think>

Here’s a structured representation of the YAML template for creating agents in the CrewAI framework:

```json
{
  ""researcher"": {
    ""role"": ""AI Technology Researcher"",
    ""goal"": ""To research and analyze AI developments"",
    ""backline"": [
      { ""role"": ""Search Tool"", ""type"": ""SearchTool"" },
      { ""role"": ""WikipediaTool"", ""type"": ""WikiTool"" }
    ],
    ""tools"": [
      { ""name"": ""Search Tool"", ""description"": ""For searching AI information."" },
      { ""name"": ""Wikipedia Tool"", ""description"": ""For accessing Wikipedia content on AI topics."" }
    ]
  },
  ""reporting_analyst"": {
    ""role"": ""Data Analyst"",
    ""goal"": ""To analyze and remember complex data patterns"",
    ""backline"": [true, ""enable_memory""], // true for memory enabled
    ""tools"": [
      { ""name"": ""Search Tool"", ""description"": ""For searching AI information."" },
      { ""name"": ""Wikipedia Tool"", ""description"": ""For accessing Wikipedia content on AI topics."" }
    ]
  }
}
```

<answer>
{
  ""researcher"": {
    ""role"": ""AI Technology Researcher"",
    ""goal"": ""To research and analyze AI developments"",
    ""backline"": [
      { ""role"": ""Search Tool"", ""type"": ""SearchTool"" },
      { ""role"": ""WikipediaTool"", ""type"": ""WikiTool"" }
    ],
    ""tools"": [
      { ""name"": ""Search Tool"", ""description"": ""For searching AI information."" },
      { ""name"": ""Wikipedia Tool"", ""description"": ""For accessing Wikipedia content on AI topics."" }
    ]
  },
  ""reporting_analyst"": {
    ""role"": ""Data Analyst"",
    ""goal"": ""To analyze and remember complex data patterns"",
    ""backline"": [true, ""enable_memory""], // true for memory enabled
    ""tools"": [
      { ""name"": ""Search Tool"", ""description"": ""For searching AI information."" },
      { ""name"": ""Wikipedia Tool"", ""description"": ""For accessing Wikipedia content on AI topics."" }
    ]
  }
}"
concepts_agents.txt,1,How do I create an agent named AgentName using the correct syntax in CrewAI?,"只使用文档中的信息。如果包含代码，请加上代码块。”而查询的内容是“如何在CrewAI项目中创建或管理一个代理？”

接下来，我要分析用户的真实需求。他们可能是在进行项目的开发，并且希望确保自己正确地配置和管理agents。特别是可能担心在使用不同配置方式时是否正确，或者在编写 agent 类时是否需要特定的参数。

然后，我需要回顾文档中的信息，提取关键点：

1. 使用 YAML 配置代理。
2. 通过代码编写agent类。
3. 在项目中创建和管理代理。
4. 确保配置符合使用场景的需求。

接下来，我要组织这些信息。首先在摘要部分简洁明了地概述文档内容。然后，在详细的分点说明中，涵盖配置、编写agent类、项目的使用、可能的陷阱以及注意事项。

考虑到用户可能对JSON格式不太熟悉，特别是对于如何正确配置代理，我应该指出正确的JSON结构，包括代理角色和目标，以及可能的变量替换方法。

在编写代码部分时，提供一个具体的例子会更直观。例如，展示如何用YAML配置一个代理，并解释参数的作用。

另外，提醒用户可能存在的常见问题，比如参数是否正确，是否有不同的版本可用等，这样可以避免潜在的误解和错误。

最后，确保结构清晰，用段落分隔各个部分，使用代码块来突出显示代码示例，同时保持整体风格统一。

综上所述，我会按照上述思路组织回答，确保涵盖所有必要的信息，并且格式正确，帮助用户准确理解和操作CrewAI中的代理配置和管理。
</think>

```json
<answer>
Creating or managing an agent in the CrewAI project is a straightforward process that involves configuration and use of the framework. Below are the key points to understand:

1. **Caching Agents**: Agents are automatically cached within the codebase for performance, which helps reduce load on the system.

2. **JSON Configuration**:
   ```json
   {
     ""role"": ""AgentName"",
     ""goal"": ""Generate an AI response that meets specific criteria""
   }
   ```
   - `role`: Specifies the purpose or name of the agent.
   - `goal`: Defines the objective(s) or goals for the agent. This can be a single goal or multiple goals separated by commas.

3. **Creating agents in Python**:
   ```python
   # Example of creating an AI technology researcher with specific parameters
   agent = Agent(
     role=""AI Technology Researcher"",
     goal=""Analyze and generate AI solutions that address real-world problems""
   )
   
   # Example of a data analysis expert
   expert = Agent(
     role=""Data Analysis Expert"",
     goal=""Perform advanced data analysis to extract meaningful insights from datasets""
   )
   ```

4. **Managing Agents in the Project**:
   - Use the `agents` module provided by CrewAI for tracking, managing, and logging agents.
   - Agents maintain a history of interactions with prior tasks, enhancing their ability to handle complex workflows.

5. **Common Pitfalls and Considerations**:
   - Ensure that agent goals are clearly defined and specific to avoid unintended behaviors.
   - Be mindful of rate limits if you're encountering API rate issues during testing.
   - Always ensure compatibility by using the correct version or configuration parameters.

By following these guidelines, you can effectively manage and utilize agents in your CrewAI projects while maintaining code quality and performance."
