File,Batch_Number,Question
concepts_agents.txt,1,How do I set up an agent with [function_name] in [module_name]?
concepts_agents.txt,1,What is the purpose of configuring [function_name] in [module_name]?
concepts_agents.txt,1,How can I manage agents using CrewAI's console for [specific_task]?
concepts_agents.txt,1,What are the steps to train an agent with [function_name] in [module_name]?
concepts_agents.txt,1,How do I handle errors when creating a new agent with [function_name] and [module_name]?
concepts_agents.txt,2,How do I implement [function_name] described in [Module X] docs to handle [specific_task]?
concepts_agents.txt,2,What is the purpose of [function_name] in [module_name] documentation for [specific_task]?
concepts_agents.txt,2,Can you explain how [function_name] operates within [module_name] documentation?
concepts_agents.txt,2,What are some common challenges when working with [function_name] and how can they be addressed?
concepts_agents.txt,2,How do I ensure that the deployment configuration for [function_name] is secure according to [ specification?
concepts_agents.txt,1,How do I create an agent in CrewAI?
concepts_agents.txt,1,What is the lifecycle process for an agent in CrewAI?
concepts_agents.txt,1,How can I monitor and manage multiple agents within CrewAI simultaneously?
concepts_agents.txt,1,What are the key management practices to ensure a healthy state of agents in CrewAI?
concepts_agents.txt,1,What steps should I take when encountering an error while managing agents in CrewAI?
concepts_agents.txt,2,How do you implement the [function_name] described in [Module X] docs to handle [specific_task]?
concepts_agents.txt,2,"What is the purpose of [function_name] in [module_name] documentation for [specific_task?],
  "
concepts_agents.txt,2,How do I troubleshoot a system-level issue described in [function_name]?
concepts_agents.txt,2,Explain the role of an ific Skills expert in addressing architectural challenges in [module_name].
concepts_agents.txt,1,How do I implement [function_name] in [module_name] to handle [specific_task]?
concepts_agents.txt,1,What is the purpose of [function_name] in [module_name] when addressing [specific_task]?
concepts_agents.txt,1,How do agents manage the [module_name] during a specific task execution?
concepts_agents.txt,1,Define [function_name] within [module_name] and explain its role in managing agents.
concepts_agents.txt,1,What is the system-level responsibilities of an agent when interacting with other components in CrewAI?
concepts_agents.txt,2,How do I implement [function_name] described in [module_name] to handle [specific_task]?
concepts_agents.txt,2,What is the purpose of [function_name] within [module_name] when addressing [specific_task]?
concepts_agents.txt,2,How can I improve code quality by enhancing documentation and testing as per [function_name] from [module_name]?
concepts_agents.txt,2,Explain how [function_name] works within [module_name] for handling [specific_task]
concepts_agents.txt,2,What are the best practices for documenting a complex system as per [function_name] in [module_name]?
concepts_agents.txt,3,How do I implement the [function_name] described in [module_name] docs to handle [specific_task]?
concepts_agents.txt,3,What is the purpose of [function_name] in [module_name] when addressing [specific_task]?
concepts_agents.txt,3,How can I define a multi-agent scenario by creating multiple [function_name]s and linking them together within [module_name]?
concepts_agents.txt,3,How do I compile an existing YAML configuration into an agent for testing purposes in [module_name]?
concepts_agents.txt,3,What are the key considerations when using [function_name] within [module_name] to manage state transitions effectively?
concepts_agents.txt,1,How do I implement the [function_name] described in [module_name] docs to handle [specific_task]?
concepts_agents.txt,1,What is the purpose of [function_name] within [module_name] when addressing [specific_task]?
concepts_agents.txt,1,How can I debug this error: [error_message] specifically when using [function_name] in [module_name]?
concepts_agents.txt,1,What architectural design considerations are there for creating an efficient Agent system within CrewAI?
concepts_agents.txt,1,"What are the common system-level issues I might encounter while managing Agents in CrewAI, and how can I address them?"
concepts_agents.txt,2,How do I implement [function_name] described in [module_name] docs to handle [specific_task]?
concepts_agents.txt,2,What is the purpose of [function_name] within [module_name] when addressing [specific_task]?
concepts_agents.txt,2,How can I optimize [function_name] in [module_name] to improve efficiency?
concepts_agents.txt,2,What are the key responsibilities and expertise required for managing [function_name] within [module_name]?
concepts_agents.txt,2,How do I troubleshoot common issues related to [function_name] in [module_name]?
concepts_agents.txt,3,How do I configure the [function_name] described in [module_name] using YAML?
concepts_agents.txt,3,What is the purpose of the [function_name] when handling a specific task as detailed in the [specific_task] docstring?
concepts_agents.txt,3,How does the [function_name] operate within the [module_name] for executing [specific_task] tasks?
concepts_agents.txt,3,"Implement the [function_name] directly in code to perform the specified task [specific_task], and provide an example of its usage."
concepts_agents.txt,3,Write code that modifies the [function_name] in the [module_name] and observe how it affects the execution of [specific_task]. Explain the observed changes.
